Work Item ID,Issue Type,Summary,Description,Labels,Priority
CE-001,Epic,Customer Discovery & Onboarding,"Purpose
Covers the customer journey from discovering TAVLO platform to accessing restaurant menus including homepage, search, QR scanning, language selection, and session setup.

Scope – Included
• Customer-initiated actions only
• Actions defined in Tavlo Action Ledger

Scope – Excluded
• Vendor handling
• Admin intervention

Source of Truth
• Tavlo Action Ledger v1
• Action Stories in Figma","epic,customer,discovery",High
CE-002,Epic,Customer Authentication & Account,"Purpose
Covers complete account lifecycle from guest browsing to registration, sign-in, profile management, password management, OAuth integration, and GDPR-compliant account deletion.

Scope – Included
• Customer-initiated actions only
• Actions defined in Tavlo Action Ledger

Scope – Excluded
• Vendor handling
• Admin intervention

Source of Truth
• Tavlo Action Ledger v1
• Action Stories in Figma","epic,customer,account",High
CE-003,Epic,Customer Dining & Reservations,"Purpose
Covers dining mode selection (dine-in/takeaway) and complete table reservation journey including booking, viewing, modifying, and canceling reservations.

Scope – Included
• Customer-initiated actions only
• Actions defined in Tavlo Action Ledger

Scope – Excluded
• Vendor handling
• Admin intervention

Source of Truth
• Tavlo Action Ledger v1
• Action Stories in Figma","epic,customer,dining",Medium
CE-004,Epic,Customer Menu Browsing,"Purpose
Covers complete menu exploration including categories, filtering, searching, dish details, nutrition, allergens, AI recommendations, and availability status.

Scope – Included
• Customer-initiated actions only
• Actions defined in Tavlo Action Ledger

Scope – Excluded
• Vendor handling
• Admin intervention

Source of Truth
• Tavlo Action Ledger v1
• Action Stories in Figma","epic,customer,menu",High
CE-005,Epic,Customer Basket & Ordering,"Purpose
Covers basket management including adding items, customization, shared basket, quantity adjustments, validation, and checkout flow.

Scope – Included
• Customer-initiated actions only
• Actions defined in Tavlo Action Ledger

Scope – Excluded
• Vendor handling
• Admin intervention

Source of Truth
• Tavlo Action Ledger v1
• Action Stories in Figma","epic,customer,basket",High
CE-006,Epic,Customer Payment,"Purpose
Covers complete payment flow including card (Stripe), cash, loyalty points redemption, split payments, and Austrian VAT-compliant invoice generation.

Scope – Included
• Customer-initiated actions only
• Actions defined in Tavlo Action Ledger

Scope – Excluded
• Vendor handling
• Admin intervention

Source of Truth
• Tavlo Action Ledger v1
• Action Stories in Figma","epic,customer,payment",High
CE-007,Epic,Customer Order Tracking,"Purpose
Covers real-time order status monitoring from placement to completion including kitchen notifications, waiter calls, and order modifications.

Scope – Included
• Customer-initiated actions only
• Actions defined in Tavlo Action Ledger

Scope – Excluded
• Vendor handling
• Admin intervention

Source of Truth
• Tavlo Action Ledger v1
• Action Stories in Figma","epic,customer,tracking",High
CE-008,Epic,Customer Reviews,"Purpose
Covers review journey including writing reviews, rating dishes, uploading photos, editing, deleting, and viewing AI review summaries.

Scope – Included
• Customer-initiated actions only
• Actions defined in Tavlo Action Ledger

Scope – Excluded
• Vendor handling
• Admin intervention

Source of Truth
• Tavlo Action Ledger v1
• Action Stories in Figma","epic,customer,reviews",Medium
CE-009,Epic,Customer Loyalty & Profile,"Purpose
Covers loyalty program management, points tracking, rewards redemption, order history, favorite dishes, and profile customization.

Scope – Included
• Customer-initiated actions only
• Actions defined in Tavlo Action Ledger

Scope – Excluded
• Vendor handling
• Admin intervention

Source of Truth
• Tavlo Action Ledger v1
• Action Stories in Figma","epic,customer,loyalty",Medium
