Work Item ID,Issue Type,Summary,Description,Parent,Labels,Priority
CS-001,Story,TAV-CUS-DIS-001 Customer discovers TAVLO platform homepage,"Implements Action Story TAV-CUS-DIS-001.

Trigger
Customer lands on TAVLO homepage

Immediate UI Reaction
System displays hero section with featured restaurants
Customer scrolls through how-it-works section
Platform benefits highlighted with CTAs for search/scan QR

System Action
Loads homepage content <2s
Progressive image loading
Responsive design for mobile/desktop

Effects on Other Actors
System:
• Tracks homepage visits
• Logs user interaction analytics

Failure States
• Slow loading >2s → Show loading skeleton → Retry
• Images fail to load → Show placeholders → Progressive enhancement",CE-001,"action:TAV-CUS-DIS-001,customer,discovery",Medium
CS-002,Story,TAV-CUS-DIS-002 Customer searches restaurants on discovery page,"Implements Action Story TAV-CUS-DIS-002.

Trigger
Customer taps search bar on discovery page

Immediate UI Reaction
Search input activates
Location options: Manual entry or GPS access

System Action
Loads nearby restaurants based on location
Grid display with sort options
Lazy-load additional restaurants

Effects on Other Actors
System:
• Queries restaurant database by location
• Applies distance/relevance sorting
• Caches results for performance

Failure States
• GPS permission denied → Prompt manual entry → Fallback
• No restaurants found → Show empty state → Suggest expanding radius",CE-001,"action:TAV-CUS-DIS-002,customer,discovery",High
CS-003,Story,TAV-CUS-DIS-003 Customer filters restaurants by cuisine/rating,"Implements Action Story TAV-CUS-DIS-003.

Trigger
Customer taps filter button

Immediate UI Reaction
Filter panel opens with options
Categories: Cuisine, Price, Dietary, Rating, Distance

System Action
Real-time results update as filters applied <500ms
Active filter badges displayed
Multiple filters combine with AND logic
Dynamic result counts shown

Effects on Other Actors
System:
• Applies filter criteria to restaurant query
• Updates result count in real-time

Failure States
• No results for filter combination → Show empty state → Suggest removing filters",CE-001,"action:TAV-CUS-DIS-003,customer,discovery",Medium
CS-004,Story,TAV-CUS-DIS-004 Customer views restaurant profile,"Implements Action Story TAV-CUS-DIS-004.

Trigger
Customer taps restaurant card

Immediate UI Reaction
Restaurant profile loads <2s
Hero image, info, menu preview, reviews, hours, map, amenities displayed

System Action
Loads restaurant data from database
Displays real-time open/closed status
Optimizes images for fast loading

Effects on Other Actors
System:
• Retrieves restaurant profile data
• Checks current operating hours

Failure States
• Profile fails to load → Show error → Retry button
• Images fail → Show restaurant name placeholder",CE-001,"action:TAV-CUS-DIS-004,customer,discovery",High
CS-005,Story,TAV-CUS-DIS-005 Customer scans QR code at table,"Implements Action Story TAV-CUS-DIS-005.

Trigger
Customer scans QR code at restaurant table

Immediate UI Reaction
Camera activates
QR code scanned and validated

System Action
Extracts restaurant ID and table number from QR code
Validates QR code authenticity
Creates session with restaurant+table context
Loads menu within 3s
Checks for existing shared session

Effects on Other Actors
Vendor:
• Restaurant notified of new session
• Table tracking updated

System:
• Creates session record
• Links session to restaurant and table

Failure States
• Invalid QR code → Show error message → Manual restaurant selection
• Camera permission denied → Prompt permission → Fallback to manual
• QR code expired → Show error → Contact restaurant",CE-001,"action:TAV-CUS-DIS-005,customer,discovery",High
CS-006,Story,TAV-CUS-DIS-006 Customer views restaurant info from QR landing,"Implements Action Story TAV-CUS-DIS-006.

Trigger
Customer taps info icon on QR landing page

Immediate UI Reaction
Info modal opens <300ms
Displays: Overview, Description, Hours, Contact, Address, Amenities, Social links

System Action
Retrieves restaurant information
All links functional (click-to-call, directions, social)

Failure States
• Modal fails to load → Show basic info → Retry
• Links broken → Show error → Alternative contact methods",CE-001,"action:TAV-CUS-DIS-006,customer,discovery",Low
CS-007,Story,TAV-CUS-DIS-007 Customer changes language,"Implements Action Story TAV-CUS-DIS-007.

Trigger
Customer taps language selector

Immediate UI Reaction
Language dropdown appears
Options: DE (German), EN (English), AR (Arabic)

System Action
Switches language <500ms
Translates UI and menu content
Applies RTL layout for Arabic
Saves language preference to profile/session

Effects on Other Actors
System:
• Updates session language preference
• Loads translated content

Failure States
• Translation fails → Show fallback language → Retry
• RTL layout broken → Fall back to LTR → Log error",CE-001,"action:TAV-CUS-DIS-007,customer,discovery",High
CS-008,Story,TAV-CUS-DIS-008 Customer enables accessibility features,"Implements Action Story TAV-CUS-DIS-008.

Trigger
Customer taps accessibility button

Immediate UI Reaction
Accessibility panel opens
Options: High contrast, Large text, Screen reader, Reduced motion, Keyboard navigation

System Action
Applies selected features instantly
Ensures WCAG AAA compliance
Alt text on all images
No layout breaks

Failure States
• Feature application fails → Show error → Manual fallback",CE-001,"action:TAV-CUS-DIS-008,customer,discovery",Medium
CS-009,Story,TAV-CUS-ACC-001 Guest browses menu without account,"Implements Action Story TAV-CUS-ACC-001.

Trigger
Guest accesses menu without signing in

Immediate UI Reaction
Guest session created with UUID
Browsing enabled without authentication barriers

System Action
Creates guest session
Saves basket to localStorage
Shows subtle sign-in prompts
24-hour session persistence
Checkout offers signup

Effects on Other Actors
System:
• Tracks guest session
• Enables seamless upgrade to account

Failure States
• Session creation fails → Retry → Fallback to cookie
• localStorage full → Warn user → Reduce data",CE-002,"action:TAV-CUS-ACC-001,customer,account",Medium
CS-010,Story,TAV-CUS-ACC-002 Customer signs up for account,"Implements Action Story TAV-CUS-ACC-002.

Trigger
Customer taps Sign Up

Immediate UI Reaction
Signup form displayed
Fields: Email, Password, Name, Phone

System Action
Real-time validation of all fields
Password strength indicator
Terms acceptance required
Creates account <2s
Hashes password (bcrypt)
Sends verification email
Auto sign-in after creation
Migrates guest basket to account
Awards welcome bonus

Effects on Other Actors
System:
• Creates customer record in database
• Sends verification email <1min
• Migrates existing basket data

Failure States
• Email already exists → Show error → Suggest sign in
• Verification email fails → Retry → Manual verification option
• Basket migration fails → Manual re-add → Preserve data",CE-002,"action:TAV-CUS-ACC-002,customer,account",High
CS-011,Story,TAV-CUS-ACC-003 Customer signs in,"Implements Action Story TAV-CUS-ACC-003.

Trigger
Customer taps Sign In

Immediate UI Reaction
Sign in form displayed
Fields: Email, Password, Remember Me checkbox

System Action
Validates credentials
Queries database for customer
Verifies password hash
Creates JWT session token <1s
Loads customer profile
Merges guest basket with account basket
Updates last login timestamp
30-day remember me option

Effects on Other Actors
System:
• Creates authenticated session
• Merges basket data
• Logs login event

Failure States
• Invalid credentials → Show error → Forgot password link
• 5 failed attempts → Lockout → Password reset required
• Session creation fails → Retry → Contact support",CE-002,"action:TAV-CUS-ACC-003,customer,account",High
CS-012,Story,TAV-CUS-ACC-004 Customer resets password,"Implements Action Story TAV-CUS-ACC-004.

Trigger
Customer clicks Forgot Password

Immediate UI Reaction
Email input field displayed

System Action
Sends reset link to email <1min
Generates secure token (1-hour expiry)
Email contains reset link with token
Customer clicks link
Validates token
New password form with strength indicator
Hashes new password (bcrypt)
Updates database
Invalidates old token
Auto sign-in after reset

Effects on Other Actors
System:
• Sends password reset email
• Invalidates old password hash
• Creates new session

Failure States
• Email not found → Show error → Suggest sign up
• Token expired → Show error → Request new reset link
• Email delivery fails → Retry → Contact support",CE-002,"action:TAV-CUS-ACC-004,customer,account",Medium
CS-013,Story,TAV-CUS-ACC-005 Customer signs in with Google OAuth,"Implements Action Story TAV-CUS-ACC-005.

Trigger
Customer clicks Google Sign In button

Immediate UI Reaction
Redirects to Google OAuth screen

System Action
Google OAuth flow initiated <5s
Customer selects account
Grants permissions
OAuth callback with authorization code
Exchanges code for tokens
Retrieves Google profile data
Checks if email exists in database
Existing user: Signs in
New user: Creates account and links to Google
Creates session
Syncs profile photo
Migrates guest basket

Effects on Other Actors
System:
• Creates or updates customer record
• Links Google account
• Syncs profile data

Failure States
• OAuth cancelled → Return to sign in → Show cancellation message
• Token exchange fails → Show error → Retry or use email/password
• Account linking conflict → Prompt manual resolution",CE-002,"action:TAV-CUS-ACC-005,customer,account",High
CS-014,Story,TAV-CUS-ACC-006 Customer signs in with Facebook OAuth,"Implements Action Story TAV-CUS-ACC-006.

Trigger
Customer clicks Facebook Sign In button

Immediate UI Reaction
Redirects to Facebook OAuth screen

System Action
Facebook OAuth flow initiated <5s
Customer logs in to Facebook
Grants permissions
OAuth callback with authorization code
Exchanges code for user data
Checks if email exists in database
Existing user: Signs in
New user: Creates account and links to Facebook
Creates session
Syncs profile photo
Migrates guest basket

Effects on Other Actors
System:
• Creates or updates customer record
• Links Facebook account
• Syncs profile data

Failure States
• OAuth cancelled → Return to sign in → Show cancellation message
• Token exchange fails → Show error → Retry or use email/password
• Account linking conflict → Prompt manual resolution",CE-002,"action:TAV-CUS-ACC-006,customer,account",High
CS-015,Story,TAV-CUS-ACC-007 Guest proceeds at checkout,"Implements Action Story TAV-CUS-ACC-007.

Trigger
Guest reaches checkout without account

Immediate UI Reaction
Auth options presented: Sign In, Sign Up, Continue as Guest

System Action
Guest selects Continue as Guest
Guest form displayed: Name, Phone, Email (optional)
Validates input
Creates temporary profile
Proceeds to payment
Shows benefits reminder for creating account
After order completion, offers signup with order history preservation

Effects on Other Actors
System:
• Creates temporary guest profile
• Preserves order for potential account linkage

Failure States
• Validation fails → Show errors → Correct and retry
• Temp profile creation fails → Retry → Contact support",CE-002,"action:TAV-CUS-ACC-007,customer,account",Medium
CS-016,Story,TAV-CUS-ACC-008 Customer views profile,"Implements Action Story TAV-CUS-ACC-008.

Trigger
Customer taps profile icon

Immediate UI Reaction
Profile page loads <1s
Displays header with photo, name, email, member since

System Action
Loads customer data from database
Displays account info, loyalty summary, order stats
Shows saved addresses and payment methods (masked)
Displays preferences and action buttons

Failure States
• Profile fails to load → Show error → Retry
• Image fails to load → Show initials placeholder",CE-002,"action:TAV-CUS-ACC-008,customer,account",Low
CS-017,Story,TAV-CUS-ACC-009 Customer edits profile,"Implements Action Story TAV-CUS-ACC-009.

Trigger
Customer taps Edit Profile

Immediate UI Reaction
Edit form opens with pre-filled data
Fields: Name, Phone, Email, Photo, Dietary preferences, Notification settings

System Action
Real-time validation on all fields
Photo upload supports <5MB
Saves changes to database
Email change requires verification
Success confirmation displayed

Effects on Other Actors
System:
• Updates customer record
• Sends email verification if email changed

Failure States
• Validation fails → Show errors → Correct and retry
• Photo upload fails → Resize/compress → Retry
• Email verification not sent → Retry → Manual verification",CE-002,"action:TAV-CUS-ACC-009,customer,account",Medium
CS-018,Story,TAV-CUS-ACC-010 Customer changes password,"Implements Action Story TAV-CUS-ACC-010.

Trigger
Customer navigates to Settings → Change Password

Immediate UI Reaction
Password change form displayed
Fields: Current password, New password, Confirm password

System Action
Verifies current password
Checks new password strength (requirements displayed)
Confirms password match
Hashes new password (bcrypt)
Updates database
Invalidates other sessions (optional)
Sends confirmation email

Effects on Other Actors
System:
• Updates password hash
• Sends security notification email

Failure States
• Current password incorrect → Show error → Forgot password option
• Password requirements not met → Show requirements → Retry
• Database update fails → Retry → Contact support",CE-002,"action:TAV-CUS-ACC-010,customer,account",Medium
CS-019,Story,TAV-CUS-ACC-011 Customer deletes account,"Implements Action Story TAV-CUS-ACC-011.

Trigger
Customer navigates to Settings → Delete Account

Immediate UI Reaction
Warning modal displayed with GDPR information

System Action
Checks for active orders
Requires deletion reason selection
Requires password confirmation
Requires typing DELETE for confirmation
Validates confirmations
Anonymizes personal data (GDPR compliant)
Retains transaction records (7-year Austrian tax law)
Deletes non-essential data
Zeros loyalty points
Invalidates all sessions
Sends confirmation email
30-day grace period for recovery
Hard delete after grace period

Effects on Other Actors
System:
• Anonymizes customer data
• Retains required transaction records
• Invalidates all active sessions

Failure States
• Active orders exist → Prevent deletion → Complete orders first
• Password incorrect → Show error → Retry
• Deletion fails → Retry → Contact support",CE-002,"action:TAV-CUS-ACC-011,customer,account",High
CS-020,Story,TAV-CUS-ACC-012 Customer logs out,"Implements Action Story TAV-CUS-ACC-012.

Trigger
Customer taps Sign Out

Immediate UI Reaction
Confirmation prompt (optional)

System Action
Invalidates session token <300ms
Clears localStorage/sessionStorage
Option to save basket for later
Logs logout event
Redirects to homepage

Failure States
• Logout fails → Force clear → Manual session clear",CE-002,"action:TAV-CUS-ACC-012,customer,account",Low
CS-021,Story,TAV-CUS-DIN-001 Customer selects dine-in mode,"Implements Action Story TAV-CUS-DIN-001.

Trigger
Customer scans QR code at table

Immediate UI Reaction
Mode selection modal: Dine-In or Takeaway

System Action
Customer selects Dine-In
Saves mode preference with session
Displays table number header (Table 5)
Full menu accessible
Orders sent directly to kitchen
Mode locked for session

Effects on Other Actors
Vendor:
• Kitchen receives dine-in order context

System:
• Records dining mode with session

Failure States
• Mode selection fails → Default to dine-in → Manual override available",CE-003,"action:TAV-CUS-DIN-001,customer,dining",High
CS-022,Story,TAV-CUS-DIN-002 Customer selects takeaway mode,"Implements Action Story TAV-CUS-DIN-002.

Trigger
Customer selects dining mode

Immediate UI Reaction
Takeaway mode selected
Badge displayed throughout session

System Action
Saves takeaway mode
Filters menu (if applicable)
Pickup time modal displayed
Options: ASAP, 30min, 1h, Custom time
Saves pickup time preference
Configures checkout for takeaway

Effects on Other Actors
Vendor:
• Kitchen receives takeaway context
• Preparation time adjusted

System:
• Records takeaway mode and pickup time

Failure States
• Pickup time not selected → Prompt selection → Default to ASAP",CE-003,"action:TAV-CUS-DIN-002,customer,dining",High
CS-023,Story,TAV-CUS-DIN-003 Customer books table reservation,"Implements Action Story TAV-CUS-DIN-003.

Trigger
Customer taps Reserve Table on restaurant profile

Immediate UI Reaction
Reservation form displayed

System Action
Calendar for date selection
Time picker shows available slots
Party size selector
Capacity check against restaurant availability
Special requests text field
Contact info fields
Validates all fields
Creates reservation with unique booking ID
Sends confirmation email/SMS <1min
Adds to calendar (ICS file)
Displays in My Reservations

Effects on Other Actors
Vendor:
• Restaurant receives reservation notification
• Table reserved in system

System:
• Creates reservation record
• Sends confirmation communications

Failure States
• No availability → Show alternative times → Waitlist option
• Confirmation email fails → Retry → Show booking ID for manual contact",CE-003,"action:TAV-CUS-DIN-003,customer,dining",Medium
CS-024,Story,TAV-CUS-DIN-004 Customer views reservation details,"Implements Action Story TAV-CUS-DIN-004.

Trigger
Customer taps reservation in My Reservations

Immediate UI Reaction
Reservation detail page displayed

System Action
Shows: Booking ref, Restaurant, Date/time, Party size, Special requests, Status, QR code
Action buttons: Modify, Cancel, Add to Calendar, Get Directions, Call Restaurant, Share

Failure States
• Details fail to load → Show cached data → Retry",CE-003,"action:TAV-CUS-DIN-004,customer,dining",Low
CS-025,Story,TAV-CUS-DIN-005 Customer modifies reservation,"Implements Action Story TAV-CUS-DIN-005.

Trigger
Customer taps Modify on reservation

Immediate UI Reaction
Modification form with pre-filled data

System Action
Checks eligibility (>2 hours before reservation)
Allows changes to date, time, party size, special requests
Checks real-time availability for new time
Available: Updates reservation with same booking reference
Unavailable: Suggests alternative times
Sends confirmation of modification

Effects on Other Actors
Vendor:
• Restaurant receives modification notification
• Table availability updated

Failure States
• <2h before reservation → Prevent modification → Call restaurant
• No availability for new time → Show alternatives → Keep original or cancel",CE-003,"action:TAV-CUS-DIN-005,customer,dining",Medium
CS-026,Story,TAV-CUS-DIN-006 Customer cancels reservation,"Implements Action Story TAV-CUS-DIN-006.

Trigger
Customer taps Cancel on reservation

Immediate UI Reaction
Warning modal with cancellation policy and potential fees

System Action
Requires cancellation reason selection
Optional note field
Confirmation required
Validates timing for fees
Cancels reservation (status: Cancelled)
Releases table in system
Processes cancellation fees if applicable
Sends cancellation confirmation
Notifies restaurant
Moves to Past Reservations

Effects on Other Actors
Vendor:
• Restaurant receives cancellation notification
• Table released for re-booking

System:
• Updates reservation status
• Processes fees if policy requires

Failure States
• Late cancellation → Charge fee → Clear policy communication
• Cancellation fails → Retry → Manual cancellation required",CE-003,"action:TAV-CUS-DIN-006,customer,dining",Medium
CS-027,Story,TAV-CUS-DIN-007 Customer checks table availability before visiting,"Implements Action Story TAV-CUS-DIN-007.

Trigger
Customer taps Check Table Availability on restaurant profile

Immediate UI Reaction
Real-time availability modal displayed

System Action
Party size selector (1-2, 3-4, 5-6, 7-8, 9+)
Time selector (Now, 30min, 1h, 2h, Custom)
Checks real-time table availability
Displays status: Available now, No tables (next available at X), High demand
Shows estimated wait time
Options: Walk In, Reserve Table, Choose Different Restaurant

Effects on Other Actors
Vendor:
• Real-time table data queried

System:
• Checks current reservations and occupancy

Failure States
• Availability check fails → Show estimated → Manual check option",CE-003,"action:TAV-CUS-DIN-007,customer,dining",Low
CS-028,Story,TAV-CUS-MEN-001 Customer views menu categories,"Implements Action Story TAV-CUS-MEN-001.

Trigger
Customer accesses restaurant menu

Immediate UI Reaction
Menu categories displayed
Categories: Starters, Mains, Sides, Desserts, Beverages

System Action
Loads menu <2s
Category headers with name, count, icon
Sticky headers during scroll
Category pills for quick jump
Highlights active category
Smooth scroll animations

Failure States
• Menu fails to load → Show cached menu → Retry
• Images fail → Show text-only version",CE-004,"action:TAV-CUS-MEN-001,customer,menu",Medium
CS-029,Story,TAV-CUS-MEN-002 Customer filters by dietary preference,"Implements Action Story TAV-CUS-MEN-002.

Trigger
Customer taps filter icon on menu

Immediate UI Reaction
Filter panel opens
Options: Vegetarian, Vegan, Gluten-Free, Dairy-Free, Nut-Free, Halal, Kosher

System Action
Multiple filter selection enabled (AND logic)
Applies filters <300ms
Updates menu display instantly
Shows filter badges with count
Removable badges
Saves filter preference for session

Failure States
• Filter application fails → Retry → Manual filtering",CE-004,"action:TAV-CUS-MEN-002,customer,menu",High
CS-030,Story,TAV-CUS-MEN-003 Customer searches menu,"Implements Action Story TAV-CUS-MEN-003.

Trigger
Customer taps search icon

Immediate UI Reaction
Search input field activates

System Action
Real-time search as user types <300ms
Searches: Dish names, descriptions, ingredients
Highlights matching terms
Result count displayed
Ranking: Exact match > Partial match > Ingredient match
Cross-language support
Clear button to reset search

Failure States
• No results → Show empty state → Suggest browsing categories
• Search fails → Retry → Manual browsing",CE-004,"action:TAV-CUS-MEN-003,customer,menu",High
CS-031,Story,TAV-CUS-MEN-004 Customer views dish card,"Implements Action Story TAV-CUS-MEN-004.

Trigger
Customer scrolls menu

Immediate UI Reaction
Dish cards displayed in grid/list

System Action
Lazy-loads images for performance
Each card shows: Photo, Name, Description, Price, Dietary badges, Rating, Quick add button
Out-of-stock items grayed with badge
Hover/tap highlights card
Popular badge on trending items
Spicy level indicator
Optimized images with alt text

Failure States
• Images fail to load → Show placeholder → Lazy retry",CE-004,"action:TAV-CUS-MEN-004,customer,menu",Medium
CS-032,Story,TAV-CUS-MEN-005 Customer sees AI-recommended dishes,"Implements Action Story TAV-CUS-MEN-005.

Trigger
Menu loads

Immediate UI Reaction
AI recommendations section appears <1s

System Action
Analyzes context: Time of day, weather, order history, trends
AI algorithm generates 3-5 recommendations
Displays with badges: Recommended, Trending, Popular
Carousel format
Shows reasoning: Based on your love for Italian cuisine OR Customers like you also ordered
Tracks performance: Views, clicks, conversions
Updates ML model based on interactions

Failure States
• Recommendations fail to load → Hide section → Show popular items",CE-004,"action:TAV-CUS-MEN-005,customer,menu",Medium
CS-033,Story,TAV-CUS-MEN-006 Customer views AI review summary,"Implements Action Story TAV-CUS-MEN-006.

Trigger
Customer views dish detail

Immediate UI Reaction
Reviews section with AI summary at top

System Action
AI summary displays 4-5 bullet points
Highlights: Flavor, portions, value, pros/cons
Metadata: Based on X reviews, last updated date
Sentiment distribution: 85% positive, 10% neutral, 5% negative
Keyword tag cloud
Link to full reviews
Multilingual support

Failure States
• AI summary unavailable → Show review count only → Link to reviews",CE-004,"action:TAV-CUS-MEN-006,customer,menu",Medium
CS-034,Story,TAV-CUS-MEN-007 Customer toggles nutrition display,"Implements Action Story TAV-CUS-MEN-007.

Trigger
Customer taps nutrition toggle

Immediate UI Reaction
Nutrition badges added to dish cards

System Action
Toggle switches instantly
Calorie badges appear on cards
Dish detail shows full nutrition: Calories, protein, carbs, fat, fiber, sodium
Allergen icons and list displayed
Serving size information
Comparison tools (optional)
Saves preference for session

Failure States
• Nutrition data unavailable → Show message → Contact restaurant",CE-004,"action:TAV-CUS-MEN-007,customer,menu",Medium
CS-035,Story,TAV-CUS-MEN-008 Customer views out-of-stock indicator,"Implements Action Story TAV-CUS-MEN-008.

Trigger
Restaurant marks dish out-of-stock

Immediate UI Reaction
Dish card grayed with red Out of Stock badge

System Action
Real-time update via WebSocket/polling <5s
Add-to-basket button disabled
Tap shows unavailable message
Suggests alternative dishes
Real-time sync (when available again, badge removed)

Effects on Other Actors
Vendor:
• Stock status managed in vendor dashboard

System:
• Updates stock status in real-time

Failure States
• Real-time update delayed → Show last known status → Manual refresh",CE-004,"action:TAV-CUS-MEN-008,customer,menu",High
CS-036,Story,TAV-CUS-MEN-009 Customer views allergen information,"Implements Action Story TAV-CUS-MEN-009.

Trigger
Customer views dish card or detail

Immediate UI Reaction
Allergen icons displayed on card

System Action
Common allergen badges: Gluten, Dairy, Eggs, Nuts, Soy, Fish, Shellfish, Sesame
Dish detail shows full allergen list
Critical allergens highlighted with warning banner
Cross-contamination information (may contain traces)
Filter menu by allergen
Allergen legend accessible
Allergen-Free badge for safe dishes

Failure States
• Allergen info incomplete → Warning shown → Contact restaurant",CE-004,"action:TAV-CUS-MEN-009,customer,menu",High
CS-037,Story,TAV-CUS-MEN-010 Customer opens dish detail modal,"Implements Action Story TAV-CUS-MEN-010.

Trigger
Customer taps dish card

Immediate UI Reaction
Dish detail modal slides up <300ms

System Action
Header: Large photo, name, price
Photo gallery with swipe
Full description
Category tags: Main Course, Spicy, Chef Special
Prep time estimate
Dietary and allergen badges
Ingredients section (expandable)
Nutrition facts (expandable)
Customization options: Size, modifications, add-ons
Reviews: Rating, AI summary, individual reviews
Add controls: Quantity selector, total price, Add to Basket button
Close: X button, tap outside modal

Failure States
• Modal fails to open → Retry → Show inline detail
• Images fail → Show text-only version",CE-004,"action:TAV-CUS-MEN-010,customer,menu",High
CS-038,Story,TAV-CUS-MEN-011 Customer views dish ingredients,"Implements Action Story TAV-CUS-MEN-011.

Trigger
Customer taps ingredients section in dish detail

Immediate UI Reaction
Ingredients accordion expands

System Action
Complete ingredient list displayed (ordered by quantity)
Allergens highlighted in bold with icon
Warning banner for critical allergens (Contains: Dairy, Gluten)
Optional ingredients listed (May include)
Sourcing information (Organic, Local)
Collapsible section

Failure States
• Ingredients not available → Show message → Contact restaurant",CE-004,"action:TAV-CUS-MEN-011,customer,menu",Medium
CS-039,Story,TAV-CUS-MEN-012 Customer selects dish size,"Implements Action Story TAV-CUS-MEN-012.

Trigger
Customer views size options in dish detail

Immediate UI Reaction
Size options displayed: Small, Medium, Large OR Single, Double

System Action
Customer taps size (Medium)
Selection highlighted with border, checkmark, background
Price updates instantly
Serving size and nutrition adjust
Add-to-basket button updates: Add to Basket - €12.50
Size comparison shown: Medium serves 1-2 people
Changing size recalculates all values instantly

Failure States
• Size selection fails → Default to first option → Manual retry",CE-004,"action:TAV-CUS-MEN-012,customer,menu",Medium
CS-040,Story,TAV-CUS-MEN-013 Customer adds ingredient modifications,"Implements Action Story TAV-CUS-MEN-013.

Trigger
Customer views customization section in dish detail

Immediate UI Reaction
Modification options displayed: Extra Ingredients, Remove Ingredients, Substitute

System Action
Customer selects extra cheese
Selection highlighted
Price updates (+€2.00)
Customer selects no onions
Item shown with strikethrough
Customization summary displayed: + Extra cheese +€2.00, - No onions
Total adjusts continuously
Deselection removes modification
Validation prevents conflicts
Add-to-basket button updates with new total

Failure States
• Conflicting modifications → Warning shown → Manual resolution",CE-004,"action:TAV-CUS-MEN-013,customer,menu",Medium
CS-041,Story,TAV-CUS-MEN-014 Customer adds special instructions,"Implements Action Story TAV-CUS-MEN-014.

Trigger
Customer taps special instructions field

Immediate UI Reaction
Text input activates
Placeholder: E.g., Extra spicy, cook well done

System Action
Keyboard appears
Real-time validation (max 200 characters)
Character counter displayed: 50/200
Instruction preview shown
Saved with order item
Editable by tapping field
Displayed in basket
Printed on kitchen ticket

Effects on Other Actors
Vendor:
• Special instructions appear on kitchen ticket

Failure States
• Character limit exceeded → Warning → Truncate to 200
• Instructions not saved → Retry → Manual entry at checkout",CE-004,"action:TAV-CUS-MEN-014,customer,menu",Medium
CS-042,Story,TAV-CUS-MEN-015 Customer adjusts quantity,"Implements Action Story TAV-CUS-MEN-015.

Trigger
Customer views quantity selector in dish detail

Immediate UI Reaction
Quantity selector displayed: -, Quantity: 1, +

System Action
Customer taps +
Quantity increments (1 → 2)
Price updates (€10.00 × 2 = €20.00)
Add-to-basket button updates: Add 2 to Basket - €20.00
Maximum enforced (10): + button disabled at max
Customer taps -
Quantity decrements
Minimum enforced (1): - button disabled at 1
Real-time price calculation

Failure States
• Quantity update fails → Retry → Manual entry option",CE-004,"action:TAV-CUS-MEN-015,customer,menu",Medium
CS-043,Story,TAV-CUS-MEN-016 Customer adds configured dish to basket,"Implements Action Story TAV-CUS-MEN-016.

Trigger
Customer reviews configuration and taps Add to Basket

Immediate UI Reaction
Button animates
Success feedback shown

System Action
Reviews configuration: Size, modifications, instructions, quantity
Final price calculated
Validates all required fields completed
Validates dish availability (not out-of-stock)
Creates basket item: Dish ID, size, modifications, instructions, quantity, price
Adds to basket
Updates basket count badge
Success confirmation: Toast (2x Margherita Pizza added) OR Bottom sheet (View Basket | Continue Shopping)
Haptic feedback (vibrate)
Basket icon animates (bounce/pulse)
Modal closes OR stays open based on preference
No duplicates (combines exact matching configurations)

Effects on Other Actors
System:
• Updates basket state
• Syncs to database if authenticated

Failure States
• Incomplete configuration → Warning → Complete required fields
• Out of stock → Error → Remove or substitute
• Basket full → Warning → Remove items or checkout",CE-004,"action:TAV-CUS-MEN-016,customer,menu",High
CS-044,Story,TAV-CUS-MEN-017 Customer views dish reviews from menu,"Implements Action Story TAV-CUS-MEN-017.

Trigger
Customer taps rating on dish card

Immediate UI Reaction
Dish detail modal opens scrolled to reviews section

System Action
Displays dish overall rating (4.5 stars based on 23 reviews)
Rating distribution shown: 5 stars: 60%, 4 stars: 30%, 3 stars: 10%
AI review summary for this specific dish: Most praised: Perfect crust, fresh ingredients | Most mentioned: Great value, large portion
Recent reviews specific to this dish displayed
Each review shows: Reviewer, rating, text, photos, date, helpful count
Write review option if previously ordered
Reviews influence ordering decision

Failure States
• Reviews fail to load → Show rating only → Retry
• No reviews available → Show empty state → Encourage first review",CE-004,"action:TAV-CUS-MEN-017,customer,menu",Low
CS-045,Story,TAV-CUS-BAS-001 Customer opens basket,"Implements Action Story TAV-CUS-BAS-001.

Trigger
Customer taps basket icon

Immediate UI Reaction
Basket page/modal opens <1s

System Action
Retrieves basket contents from state/localStorage
Validates items: Availability, current prices
Displays basket with itemized list
Each item shows: Photo, name, size/modifications, instructions, quantity, unit price, subtotal
Basket summary: Subtotal, service charge, tax/VAT, total
Empty basket shows: Your basket is empty + Continue Shopping
Edit/delete buttons visible on each item
Checkout and Continue Shopping buttons

Failure States
• Basket fails to load → Retry → Show cached version
• Items unavailable → Flag items → Prompt resolution
• Price changes → Show updates → Require acceptance",CE-005,"action:TAV-CUS-BAS-001,customer,basket",High
CS-046,Story,TAV-CUS-BAS-002 Customer edits basket item,"Implements Action Story TAV-CUS-BAS-002.

Trigger
Customer taps Edit on basket item

Immediate UI Reaction
Dish detail modal reopens with pre-filled configuration

System Action
Pre-fills: Size, modifications, instructions, quantity
Customer makes changes (size M → L, add extra cheese, update quantity)
Validates changes
Customer taps Update Item
Validates new configuration
Replaces original item in basket
Recalculates: Item subtotal, basket total
Success message: Item updated
Basket updates immediately
Updated item displayed with new configuration and price

Effects on Other Actors
System:
• Updates basket state
• Recalculates totals

Failure States
• Edit fails → Retry → Manual re-add
• Invalid configuration → Warning → Correct and retry",CE-005,"action:TAV-CUS-BAS-002,customer,basket",Medium
CS-047,Story,TAV-CUS-BAS-003 Customer removes basket item,"Implements Action Story TAV-CUS-BAS-003.

Trigger
Customer taps trash icon OR swipes left on item

Immediate UI Reaction
Confirmation prompt (optional): Remove Margherita Pizza? Cancel | Remove

System Action
Customer confirms removal
Item removed from basket
Totals recalculated: Subtotal, tax, total
Basket count badge decreases
Undo option shown for 5 seconds: Item removed [Undo]
If undo tapped: Item restored
Basket updates immediately
Empty basket shows empty state message

Effects on Other Actors
System:
• Updates basket state
• Recalculates totals

Failure States
• Removal fails → Retry → Force remove
• Undo window expired → Manual re-add required",CE-005,"action:TAV-CUS-BAS-003,customer,basket",Medium
CS-048,Story,TAV-CUS-BAS-004 Customer joins shared basket,"Implements Action Story TAV-CUS-BAS-004.

Trigger
Customer scans QR at table with existing session

Immediate UI Reaction
Join prompt displayed: Join Table 5 order? 2 items. Join Group Order | Start New Order

System Action
Customer taps Join Group Order
Added to shared session (linked to table ID)
Loads shared basket with all group items
Attribution shown: Item added by Anna, Item added by You
Customer adds items (visible to all in real-time)
Real-time sync via WebSocket/polling
Updates when others add/edit/remove
Permissions: View all, edit only own items
Shared basket icon in header

Effects on Other Actors
Other Customers:
• See new participant join
• View their additions in real-time

System:
• Links session to shared basket
• Syncs real-time updates

Failure States
• Session detection fails → Prompt manual join → Table number entry
• Real-time sync fails → Show last known state → Manual refresh",CE-005,"action:TAV-CUS-BAS-004,customer,basket",Medium
CS-049,Story,TAV-CUS-BAS-005 Customer sees shared basket real-time updates,"Implements Action Story TAV-CUS-BAS-005.

Trigger
Another customer in shared session adds/edits/removes item

Immediate UI Reaction
Customer A's view updates in real-time without refresh

System Action
Customer B adds item
System broadcasts via WebSocket
Customer A receives update <2s
View updates automatically
New item appears with animation: New item added by Sarah
Totals recalculate
Optional notification: Basket updated
Customer B edits/removes: A sees immediately
Conflict resolution: Last-write-wins OR optimistic locking
Sync status indicator: Synced | Syncing...
All customers see consistent state

Effects on Other Actors
System:
• Broadcasts updates to all session participants
• Manages conflict resolution

Failure States
• WebSocket connection lost → Fall back to polling → Manual refresh
• Sync conflict → Show warning → Resolve manually",CE-005,"action:TAV-CUS-BAS-005,customer,basket",Medium
CS-050,Story,TAV-CUS-BAS-006 Customer sees basket validation errors,"Implements Action Story TAV-CUS-BAS-006.

Trigger
Restaurant updates menu (out-of-stock OR price change)

Immediate UI Reaction
Error banner appears: Some items need attention

System Action
System validates basket on view and before checkout
Detects errors: Item unavailable, price changed, modification unavailable
Flags items with error icon and message
Opens basket to show flagged items
Unavailable item: Red border, message: Margherita Pizza is currently unavailable
Suggests action: Remove | Wait
Price change: Price updated €10.00 → €12.00 [Accept New Price]
Must resolve all errors before checkout
Customer resolves (removes unavailable OR accepts price changes)
Re-validates automatically
Error banner disappears when resolved
Checkout enabled

Effects on Other Actors
Vendor:
• Menu changes trigger customer notifications

System:
• Validates basket against current menu

Failure States
• Validation fails → Manual check → Contact restaurant
• Grace period (15 min) before auto-remove unavailable items",CE-005,"action:TAV-CUS-BAS-006,customer,basket",Medium
CS-051,Story,TAV-CUS-BAS-007 Customer proceeds to checkout,"Implements Action Story TAV-CUS-BAS-007.

Trigger
Customer taps Proceed to Checkout

Immediate UI Reaction
Validation check initiated

System Action
Reviews basket summary: Subtotal, service charge, tax/VAT, total
Validates basket: All items available, no errors, not empty
Guest user: Shows auth options (Sign In | Sign Up | Continue as Guest)
Authenticated user: Proceeds directly to checkout
Navigates to checkout page
Order summary displayed
Payment method selection shown
Basket locked (shared basket: prevents changes during checkout)

Effects on Other Actors
System:
• Locks basket for checkout
• Validates all items

Failure States
• Empty basket → Disable checkout → Add items message
• Validation errors → Show errors → Resolve before proceeding
• Guest auth required → Prompt login/signup → Continue as guest option",CE-005,"action:TAV-CUS-BAS-007,customer,basket",High
CS-052,Story,TAV-CUS-BAS-008 Customer applies promo code at checkout,"Implements Action Story TAV-CUS-BAS-008.

Trigger
Customer taps promo code field at checkout

Immediate UI Reaction
Promo code input field expands

System Action
Customer enters promo code (TAVLO20)
Taps Apply
System validates:
• Code exists
• Not expired
• Not already used
• Minimum order requirement met
• Applicable to items in basket

Valid code:
• Applies discount (20% off entire order OR €10 off OR free delivery)
• Updates order summary: Subtotal, Promo discount: -€9.10, Tax, Total
• Success message: Promo code TAVLO20 applied! You saved €9.10

Invalid code:
• Error message: Invalid promo code OR Promo code expired OR Minimum order €30 required

Customer can remove promo code
Discount reflected in final total
Promo code saved with order

Effects on Other Actors
Vendor:
• Promo code usage tracked
• Revenue adjusted for discount

System:
• Validates and applies promo code
• Logs usage

Failure States
• Invalid code → Clear error message → Retry
• Minimum not met → Show required amount → Add items
• Network error → Retry → Manual verification",CE-005,"action:TAV-CUS-BAS-008,customer,basket",Medium
CS-053,Story,TAV-CUS-BAS-009 Customer sees basket suggestions (upsell),"Implements Action Story TAV-CUS-BAS-009.

Trigger
Customer views basket with items

Immediate UI Reaction
Suggestions section appears below basket items

System Action
Analyzes basket contents
Generates upsell suggestions: Frequently bought together: Add Garlic Bread for €3.50 OR Complete your meal: Add Dessert
Maximum 3 suggestions shown
Each suggestion: Photo, name, price, quick add button
Customer reviews suggestions
Taps Add to Basket on suggestion
Item added to basket instantly
Basket updates with new item
Suggestions refresh (remove added, show new)
Customer can dismiss suggestions
Tracks performance: Impressions, clicks, conversions

Effects on Other Actors
System:
• Tracks upsell performance
• Updates recommendation algorithm

Failure States
• Suggestions fail to load → Hide section → Show popular items",CE-005,"action:TAV-CUS-BAS-009,customer,basket",Low
CS-054,Story,TAV-CUS-BAS-010 Customer saves basket for later,"Implements Action Story TAV-CUS-BAS-010.

Trigger
Customer taps Save Basket for Later

Immediate UI Reaction
Confirmation shown: Basket saved! You can continue ordering later.

System Action
Saves current basket state (all items with configurations)
Basket remains visible but marked as saved
Customer can continue browsing or close session
Return later (same or new session)
System prompts: You have a saved basket. Restore it?
Customer chooses to restore
All items restored with original configurations
Validates items: Still available, prices current
Valid items: Basket restored successfully
Invalid items: Show validation errors
Proceed to checkout or continue shopping

Effects on Other Actors
System:
• Stores basket state persistently
• Validates on restoration

Failure States
• Save fails → Retry → Manual note-taking
• Restoration validation fails → Show unavailable items → Partial restore",CE-005,"action:TAV-CUS-BAS-010,customer,basket",Low
CS-055,Story,TAV-CUS-BAS-011 Customer sees minimum order warning,"Implements Action Story TAV-CUS-BAS-011.

Trigger
Customer adds items to basket below minimum order value

Immediate UI Reaction
Minimum order warning appears in basket

System Action
Restaurant has minimum order requirement (e.g., €15)
Basket value below minimum (Current: €12, Minimum: €15)
Warning displayed: Minimum order €15 required. Add €3 more to checkout.
Warning visible at bottom of basket OR as banner
Checkout button disabled until minimum reached
Customer adds more items
Basket value updates in real-time
Basket >= minimum: Warning disappears, checkout enabled
Basket < minimum: Warning persists, checkout disabled

Effects on Other Actors
Vendor:
• Minimum order policy enforced

System:
• Validates basket against minimum order

Failure States
• Minimum not clearly communicated → Show policy → Link to restaurant info",CE-005,"action:TAV-CUS-BAS-011,customer,basket",Low
CS-056,Story,TAV-CUS-PAY-001 Customer selects payment method,"Implements Action Story TAV-CUS-PAY-001.

Trigger
Customer reaches payment step at checkout

Immediate UI Reaction
Payment methods displayed with icons and descriptions

System Action
Options shown: Card (Stripe), Cash (at restaurant), Loyalty Points (if sufficient), Split Payment
Customer taps payment method (e.g., Card Payment)
Selection highlighted
Relevant form displayed:
• Card: Stripe card input form
• Cash: Confirmation with table number
• Loyalty: Balance and redemption calculator
• Split: Split options
Validates selection
Proceeds to payment processing
Saves payment method with order

Effects on Other Actors
System:
• Records payment method choice

Failure States
• Payment method unavailable → Show available methods → Alternative selection",CE-006,"action:TAV-CUS-PAY-001,customer,payment",High
CS-057,Story,TAV-CUS-PAY-002 Customer pays by card via Stripe,"Implements Action Story TAV-CUS-PAY-002.

Trigger
Customer selects Card Payment

Immediate UI Reaction
Stripe payment form displayed

System Action
Fields: Card number, Expiry (MM/YY), CVC, Name, Postal code
Real-time validation
Card type detection (Visa, Mastercard, etc.)
Save card checkbox (authenticated users)
Customer reviews total
Taps Pay €45.50
Validates all fields
Creates Stripe payment intent
Processes payment via Stripe API
3D Secure required: Redirects to bank verification
Customer completes verification
Payment confirmed by Stripe
Creates order with Paid status
Sends order to kitchen
Payment success screen displayed
Confirmation email/SMS sent <1min

Effects on Other Actors
Vendor:
• Order appears in kitchen queue
• Payment recorded in vendor dashboard

System:
• Creates order record
• Processes payment through Stripe
• Sends confirmations

Failure States
• Payment declined → Show error → Retry options (TAV-CUS-PAY-008)
• 3D Secure failed → Return to TAVLO → Retry (TAV-CUS-PAY-009)
• Network error → Retry → Contact support",CE-006,"action:TAV-CUS-PAY-002,customer,payment",High
CS-058,Story,TAV-CUS-PAY-003 Customer pays by cash at restaurant,"Implements Action Story TAV-CUS-PAY-003.

Trigger
Customer selects Cash Payment

Immediate UI Reaction
Cash payment confirmation displayed

System Action
Validates dine-in (cash not available for takeaway)
Shows confirmation: You will pay €45.50 in cash, Order sent immediately, Have cash ready
Table number displayed (Table 5)
Customer taps Confirm Order
Creates order with Pending Payment status
Sends order to kitchen (preparation starts)
Order confirmation shown: Order placed, Table 5, Total: €45.50, Payment: Cash, Prep time: 20 min
Waiter delivers food
Customer pays cash to waiter
Waiter marks Paid in vendor dashboard
Order status updated to Paid
Payment receipt generated

Effects on Other Actors
Vendor:
• Kitchen starts preparation before payment
• Waiter marks payment when received

System:
• Creates order with Pending Payment status
• Updates to Paid when waiter confirms

Failure States
• Takeaway order → Prevent cash option → Card/loyalty only
• Payment not received → Waiter follows up → Manual resolution",CE-006,"action:TAV-CUS-PAY-003,customer,payment",High
CS-059,Story,TAV-CUS-PAY-004 Customer redeems loyalty points,"Implements Action Story TAV-CUS-PAY-004.

Trigger
Customer has sufficient loyalty points at checkout

Immediate UI Reaction
Loyalty Points payment option displayed

System Action
Shows points balance: 5000 points - €50.00 value
Order total: €45.50
Redemption calculation: Redeem 4550 points → €45.50, Remaining: 450 points
Customer selects Loyalty Points
Taps Pay with Points
Validates sufficient balance
Deducts points: 5000 - 4550 = 450
Creates order with Paid status
Sends order to kitchen
Logs loyalty transaction: Points redeemed for order #12345
Success screen shows new balance: 450 points
Sends confirmation

Effects on Other Actors
System:
• Deducts loyalty points
• Logs redemption transaction

Failure States
• Insufficient points → Show required amount → Partial redemption option
• Points calculation error → Retry → Manual verification",CE-006,"action:TAV-CUS-PAY-004,customer,payment",Medium
CS-060,Story,TAV-CUS-PAY-005 Customer splits payment,"Implements Action Story TAV-CUS-PAY-005.

Trigger
Customer in shared basket selects Split Payment

Immediate UI Reaction
Split payment options displayed

System Action
Options: Split Equally (divide by # people), Split by Item (each pays their items), Custom Split (manual amounts)
Customer chooses Split by Item
Items grouped by person: Anna: €25.00, You: €15.50, Michael: €18.00
Your portion displayed: €15.50
Payment requests sent to all group members
Customer pays their portion (card OR loyalty)
Portion marked Paid
Payment status visible: Anna: Paid, You: Paid, Michael: Pending
All portions paid: Order sent to kitchen
Success message: Your portion paid. Waiting for others... OR All payments complete! Order sent.
Individual receipts generated for each portion

Effects on Other Actors
Other Customers:
• Receive payment request notifications
• See real-time payment status

Vendor:
• Order appears in kitchen when all portions paid

System:
• Manages split payment coordination
• Sends order when complete

Failure States
• Timeout (not all pay) → Admin can manually complete → Partial order option
• Payment fails for one person → They retry → Others wait",CE-006,"action:TAV-CUS-PAY-005,customer,payment",Medium
CS-061,Story,TAV-CUS-PAY-006 Customer receives Austrian VAT invoice,"Implements Action Story TAV-CUS-PAY-006.

Trigger
Customer completes payment

Immediate UI Reaction
Invoice generation initiated immediately

System Action
Generates Austrian VAT-compliant invoice
Invoice includes:
• Restaurant legal name, address, VAT number (UID)
• Invoice number (unique, sequential)
• Invoice date and time
• Customer name (if provided)
• Itemized list: Dishes, quantities, prices
• Subtotal
• VAT breakdown by rate: 10%/13%/20%
• Total amount
• Payment method
• Table number (if dine-in)
Displays on payment success screen
View immediately option
Sends via email with PDF attached
Downloadable PDF
Accessible from order history anytime
Stored permanently (7 years - Austrian tax law)

Effects on Other Actors
System:
• Generates compliant invoice
• Stores for required retention period

Failure States
• Invoice generation fails → Retry → Manual request option
• Email fails → Retry → Download from order history",CE-006,"action:TAV-CUS-PAY-006,customer,payment",High
CS-062,Story,TAV-CUS-PAY-007 Customer views payment summary before confirming,"Implements Action Story TAV-CUS-PAY-007.

Trigger
Customer proceeds to final payment step

Immediate UI Reaction
Comprehensive payment summary displayed

System Action
Shows:
• Order details: Restaurant name, table/pickup info, dining mode
• Itemized list: Each dish with quantity, modifications, price
• Subtotal (sum of all items)
• Service charge if applicable (10% for dine-in)
• Tax/VAT breakdown by rate: Reduced 10%: €2.00, Standard 20%: €3.50
• Promo discount if applied (-€9.10)
• Delivery fee if applicable
• Total amount (highlighted, large font)
• Payment method: Card ending in 1234 OR Cash at restaurant OR Loyalty Points
• Special instructions summary if any
Customer reviews all details
Taps Confirm & Pay
Proceeds to payment processing

Failure States
• Summary mismatch → Recalculate → Show updated totals
• Loading error → Retry → Show cached summary",CE-006,"action:TAV-CUS-PAY-007,customer,payment",Medium
CS-063,Story,TAV-CUS-PAY-008 Customer handles failed payment,"Implements Action Story TAV-CUS-PAY-008.

Trigger
Payment processing fails

Immediate UI Reaction
Payment error screen displayed

System Action
Payment fails: Insufficient funds OR Card declined OR Network error OR 3D Secure failed
System receives failure notification
STOPS order creation (does not send to kitchen)
Displays clear error message: Payment failed: Card declined. Please try another payment method.
Shows failure reason: Insufficient funds OR Card declined by bank OR Network error occurred
Provides retry options:
• Try again with same card
• Use different card
• Use different payment method: Cash OR Loyalty Points
Customer selects retry option:
• Same card: Re-enter CVV and retry
• Different card: New card form
• Different method: Navigate to method selection
Customer retries payment
Success: Creates order and proceeds
Fail again: Shows error with support contact
System logs all payment attempts for troubleshooting

Effects on Other Actors
System:
• Logs failed payment attempts
• Prevents duplicate orders

Failure States
• Multiple failures → Escalate to support → Manual payment verification",CE-006,"action:TAV-CUS-PAY-008,customer,payment",High
CS-064,Story,TAV-CUS-PAY-009 Customer verifies payment with 3D Secure,"Implements Action Story TAV-CUS-PAY-009.

Trigger
Bank requires 3D Secure verification for payment

Immediate UI Reaction
Redirect to bank authentication page

System Action
Submits card payment
Stripe creates payment intent
Bank requires 3D Secure verification
Redirects to bank authentication page
Customer sees bank 3D Secure screen: Verify your payment: €45.50 to TAVLO Restaurant
Customer enters verification:
• SMS OTP OR
• Banking app approval OR
• Fingerprint biometric
Submits verification
Bank validates authentication
Verification success: Bank approves payment
Verification failed: Bank declines payment
System receives verification result
Success path:
• Redirects back to TAVLO
• Completes payment
• Creates order
• Shows success screen
Failed path:
• Redirects back to TAVLO
• Shows error: 3D Secure verification failed
• Provides retry options
Payment secured with 3D Secure authentication (SCA compliant)

Effects on Other Actors
System:
• Manages 3DS redirect and callback
• Completes order on success

Failure States
• Customer abandons verification → Timeout → Return to payment
• Verification fails → Return with error → Retry options",CE-006,"action:TAV-CUS-PAY-009,customer,payment",High
CS-065,Story,TAV-CUS-ORD-001 Customer views order status,"Implements Action Story TAV-CUS-ORD-001.

Trigger
Customer places order

Immediate UI Reaction
Order confirmation screen displayed

System Action
Shows order number (Order #12345)
Status timeline: Received → Preparing → Ready
Highlights current status (Preparing)
Estimated time: Ready in 15-20 min
Progress bar/timeline visualization
Itemized order summary
Accessible from: Menu, Account, SMS/Email link
Tap View Order Status for real-time updates

Effects on Other Actors
Vendor:
• Order appears in kitchen dashboard

System:
• Creates order tracking record

Failure States
• Status tracking fails → Show last known status → Manual refresh",CE-007,"action:TAV-CUS-ORD-001,customer,tracking",High
CS-066,Story,TAV-CUS-ORD-002 Customer receives real-time order updates,"Implements Action Story TAV-CUS-ORD-002.

Trigger
Kitchen updates order status

Immediate UI Reaction
Customer's order status updates in real-time

System Action
Kitchen updates status (Received → Preparing)
System broadcasts via WebSocket/push notification
Customer device receives update <5s
Status screen updates automatically (no manual refresh)
Status animation: Received ✓ → Preparing (pulsing icon)
Push notification/SMS sent: Your order is now being prepared
Estimated time updated if changed
Status change logged with timestamp
All statuses tracked: Received → Preparing → Ready → Delivered/Completed

Effects on Other Actors
Vendor:
• Status changes in kitchen reflect immediately for customer

System:
• Broadcasts real-time updates
• Manages WebSocket connections

Failure States
• WebSocket disconnected → Fall back to polling → Manual refresh
• Update delayed → Show last known status → Retry",CE-007,"action:TAV-CUS-ORD-002,customer,tracking",High
CS-067,Story,TAV-CUS-ORD-003 Customer calls waiter,"Implements Action Story TAV-CUS-ORD-003.

Trigger
Customer taps Call Waiter button

Immediate UI Reaction
Waiter request options displayed

System Action
Options: Need assistance, Request bill, Request water, Request utensils, Other
Customer selects reason (e.g., Request bill)
Optional note field: Table 5 needs the bill please
Sends request
Notification sent to restaurant: Table number, request type, note, timestamp
Customer confirmation: Waiter notified. Someone will assist you shortly.
Waiter sees notification in vendor dashboard (alert sound/vibration)
Waiter acknowledges in dashboard
Customer sees: Waiter is on the way
Waiter arrives and assists
Waiter marks request completed in dashboard
Request closed

Effects on Other Actors
Vendor:
• Waiter receives immediate notification with alert
• Can acknowledge and track requests

System:
• Logs waiter call events
• Tracks response times

Failure States
• Notification fails → Retry → Call restaurant directly
• Waiter doesn't respond → Escalate after timeout → Manager notified
• Dine-in only (not available for takeaway)",CE-007,"action:TAV-CUS-ORD-003,customer,tracking",Medium
CS-068,Story,TAV-CUS-ORD-004 Customer cancels order,"Implements Action Story TAV-CUS-ORD-004.

Trigger
Customer views active order and taps Cancel Order

Immediate UI Reaction
Cancellation confirmation modal displayed

System Action
Cancel Order button only visible if status: Received (not Preparing or later)
Confirmation modal: Are you sure? Order #12345 - €45.50. Policy: Free before preparation. No refund once preparing. Cancel Order | Keep Order
Customer taps Cancel (confirm)
System validates order status (not Preparing)
Cancels order (status: Cancelled)
Processes refund if paid:
• Card payment: Stripe refund initiated
• Loyalty points: Points restored
Notifies kitchen/restaurant
Removes order from kitchen queue
Sends cancellation confirmation (Email/SMS)
Success message: Order cancelled. Refund processed - 3-5 business days.
Order visible in history with Cancelled status

Effects on Other Actors
Vendor:
• Kitchen receives cancellation notification
• Order removed from queue

System:
• Processes refunds
• Updates order status

Failure States
• Too late to cancel (Preparing) → Show policy → Contact restaurant
• Refund fails → Retry → Manual processing
• Late cancellation fee → Charge according to policy",CE-007,"action:TAV-CUS-ORD-004,customer,tracking",Medium
CS-069,Story,TAV-CUS-ORD-005 Customer rates order after completion,"Implements Action Story TAV-CUS-ORD-005.

Trigger
Order completed and delivered/received

Immediate UI Reaction
Quick rating request sent via SMS/push notification

System Action
System sends: How was your order? Rate your experience
Customer taps notification
Quick rating modal opens
Simple rating options: Thumbs up/down OR 1-5 stars
Customer selects rating (e.g., 5 stars)
Optional feedback tags: Great food, Fast service, Friendly staff, Clean restaurant
Customer selects applicable tags
Submits rating
System saves order rating
Awards loyalty points (25 points)
Thank you message: Thanks for your feedback! You earned 25 points.
Prompts for detailed review: Want to share more? Write a full review for 50 more points
Customer can write full review now OR dismiss
Rating visible to vendor in dashboard
Aggregate rating affects restaurant score

Effects on Other Actors
Vendor:
• Receives rating feedback
• Aggregate score updated

System:
• Records rating
• Awards loyalty points

Failure States
• Rating submission fails → Retry → Save locally and sync later",CE-007,"action:TAV-CUS-ORD-005,customer,tracking",Medium
CS-070,Story,TAV-CUS-ORD-006 Customer views order receipt and invoice,"Implements Action Story TAV-CUS-ORD-006.

Trigger
Customer selects completed order from order history

Immediate UI Reaction
Order detail page displayed

System Action
Shows View Receipt/Invoice button
Customer taps button
Retrieves invoice (generated at payment time)
Displays invoice on screen:
• Restaurant details
• Customer details
• Order items with prices
• Tax breakdown
• Total
• Payment method
• Order number, invoice number
• Date/time
Download invoice as PDF (Download PDF button)
System generates/retrieves PDF
Downloads to device
Share invoice (Share button → Email, WhatsApp, etc.)
Print invoice (Print button → Print dialog)
Invoice accessible anytime from order history
Meets Austrian VAT compliance requirements

Failure States
• Invoice retrieval fails → Retry → Contact support for manual invoice",CE-007,"action:TAV-CUS-ORD-006,customer,tracking",Medium
CS-071,Story,TAV-CUS-ORD-007 Customer re-orders from past order,"Implements Action Story TAV-CUS-ORD-007.

Trigger
Customer browses order history and taps Reorder button

Immediate UI Reaction
Reorder process initiated

System Action
Retrieves complete order details: All items with sizes, modifications, special instructions
Creates new basket from past order
Adds all items to current basket
Validates items:
• Still available on menu
• Still offered by restaurant
• Prices may have changed
All items valid:
• Adds all to basket
• Success message: X items added to basket from past order
Some items invalid:
• Adds valid items
• Warning: 2 items added. 1 item no longer available: Seasonal Special
Navigates to basket
Customer reviews reordered items
Prices updated to current (shows changes: was €10.00, now €12.00)
Customer can modify quantities, remove items, add more
Proceeds to checkout
Completes new order

Effects on Other Actors
System:
• Validates items against current menu
• Creates new order (not duplicate)

Failure States
• All items unavailable → Show message → Browse menu
• Price significantly changed → Require confirmation",CE-007,"action:TAV-CUS-ORD-007,customer,tracking",Medium
CS-072,Story,TAV-CUS-ORD-008 Customer contacts restaurant about order,"Implements Action Story TAV-CUS-ORD-008.

Trigger
Customer has question/issue about order

Immediate UI Reaction
Contact Restaurant button visible on order detail

System Action
Customer taps Contact Restaurant
Contact options modal displays:
• Call restaurant: Phone with click-to-call
• Message restaurant: In-app messaging if enabled
• Email restaurant: Email with pre-filled template
• Help & Support: TAVLO support for platform issues
Customer selects contact method:
Call: Initiates phone call
Message: Opens chat interface with order context pre-loaded
Email: Opens email with order details pre-filled (Order #12345, Table 5, Issue: ...)
Customer communicates issue/question
Call: Direct conversation
Message: Real-time chat with restaurant
Email: Sends email → Restaurant receives notification
Restaurant responds
Customer receives response
Issue resolved
System logs contact event with order

Effects on Other Actors
Vendor:
• Receives customer contact
• Can respond and resolve issues

System:
• Logs all customer-restaurant contacts
• Tracks resolution

Failure States
• Contact method unavailable → Try alternative → Escalate to TAVLO support",CE-007,"action:TAV-CUS-ORD-008,customer,tracking",Low
CS-073,Story,TAV-CUS-ORD-009 Customer receives order ready notification,"Implements Action Story TAV-CUS-ORD-009.

Trigger
Kitchen completes order preparation

Immediate UI Reaction
Notification sent to customer immediately

System Action
Waiter/Kitchen staff updates order status to Ready in vendor dashboard
System detects status change
Sends immediate notification <5 seconds:
• Push notification: Your order is ready! Table 5
• SMS: Your takeaway order #12345 is ready for pickup
Customer device receives notification
Notification content differs:
• Dine-in: Your order is ready and will be served shortly
• Takeaway: Your order is ready for pickup. Please come to the counter
Customer views order status screen
Status updated to Ready with timestamp
Estimated delivery time shown:
• Dine-in: Arriving at your table in 2 minutes
• Takeaway: Ready for pickup now
Customer waits for delivery (dine-in) OR goes to pickup counter (takeaway)
Order delivered/picked up
Customer receives food

Effects on Other Actors
Vendor:
• Waiter/kitchen marks order ready
• Notifies customer automatically

System:
• Sends multi-channel notifications
• Updates order status

Failure States
• Notification fails → Retry via alternative channel → Manual notification
• Wrong status → Vendor corrects → Update sent",CE-007,"action:TAV-CUS-ORD-009,customer,tracking",High
CS-074,Story,TAV-CUS-REV-001 Customer writes review,"Implements Action Story TAV-CUS-REV-001.

Trigger
Order completed (24h later review request sent)

Immediate UI Reaction
Review request received via Email/SMS: How was your meal? Rate your dishes

System Action
Customer taps review link OR accesses from Order History → Write Review
Review form displayed
Select dish to review (e.g., Margherita Pizza)
Star rating (1-5 stars): Customer taps 5 stars
Visual feedback shown
Write review text field: Absolutely delicious! Best pizza in Vienna...
Text validation: Min 10, max 1000 characters
Character counter: 85/1000
Optional: Upload photos (Add Photos - max 5)
Select from gallery
Photo validation: JPG/PNG, max 5MB each
Display thumbnails with remove option
Submit Review
Validates completion (rating + text required)
Submits to backend
Creates review record: Customer ID, Dish ID, Rating, Text, Photos, Timestamp
Success message: Thank you for your review!
Awards loyalty points (50 points)
Review appears on dish page
AI updates review summary

Effects on Other Actors
Vendor:
• Receives review notification
• Review visible on dish page

System:
• Stores review
• Awards loyalty points
• Regenerates AI summary

Failure States
• Incomplete review → Validation error → Complete required fields
• Photo upload fails → Resize/compress → Retry
• Submission fails → Save draft → Retry later",CE-008,"action:TAV-CUS-REV-001,customer,reviews",Medium
CS-075,Story,TAV-CUS-REV-002 Customer edits review,"Implements Action Story TAV-CUS-REV-002.

Trigger
Customer finds their review in Order History

Immediate UI Reaction
Edit Review button visible on own reviews

System Action
Customer taps Edit Review
Form pre-filled with existing data: Rating, text, photos
Customer makes changes:
• Rating: 5 → 4 stars
• Text: Adds additional feedback
• Photos: Removes one, adds new one
Taps Update Review
Validates changes
Updates review record in database
Marks as edited with timestamp
Success message: Review updated successfully
Updated review appears on dish page with Edited label
AI regenerates review summary

Effects on Other Actors
Vendor:
• Sees updated review

System:
• Updates review record
• Tracks edit timestamp

Failure States
• Edit window expired (30 days) → Prevent edit → Contact support
• Validation fails → Show errors → Correct and retry",CE-008,"action:TAV-CUS-REV-002,customer,reviews",Low
CS-076,Story,TAV-CUS-REV-003 Customer deletes review,"Implements Action Story TAV-CUS-REV-003.

Trigger
Customer views their review

Immediate UI Reaction
Delete Review button visible

System Action
Customer taps Delete Review
Confirmation modal: Are you sure? This action cannot be undone. Delete | Cancel
Customer confirms deletion
Soft-deletes review (marks deleted, retains in database for auditing)
Removes from public dish page
Recalculates dish average rating (excludes deleted review)
Success message: Review deleted successfully
AI regenerates review summary
Customer no longer sees review in order history
Deletion event logged for auditing

Effects on Other Actors
Vendor:
• Review removed from public view
• Rating recalculated

System:
• Soft-deletes review
• Logs deletion event

Failure States
• Deletion fails → Retry → Contact support
• Accidental deletion → No undo → Contact support for recovery",CE-008,"action:TAV-CUS-REV-003,customer,reviews",Low
CS-077,Story,TAV-CUS-REV-004 Customer reports inappropriate review,"Implements Action Story TAV-CUS-REV-004.

Trigger
Customer finds inappropriate review while browsing

Immediate UI Reaction
Flag/Report icon visible on all reviews

System Action
Customer taps flag/report icon
Report modal opens
Select report reason:
• Spam
• Offensive/hateful language
• Fake/fraudulent review
• Unrelated content
• Personal information shared
• Other
Customer selects reason (e.g., Offensive language)
Optional: Add additional details text field
Submits report
System creates moderation ticket
Sends to moderation queue for admin review
Shows confirmation: Thank you for reporting. We'll review this within 24 hours.
Admin reviews report
Report valid:
• Remove/hide review
• Notify reviewer of violation
Report invalid:
• Keep review
• Notify reporting customer
Moderation decision logged
Customer can see moderation status: Report submitted OR Report resolved

Effects on Other Actors
Admin:
• Reviews reported content
• Takes moderation action

System:
• Creates moderation ticket
• Tracks resolution

Failure States
• Report submission fails → Retry → Save report for manual submission",CE-008,"action:TAV-CUS-REV-004,customer,reviews",Low
CS-078,Story,TAV-CUS-REV-005 Customer views restaurant overall reviews,"Implements Action Story TAV-CUS-REV-005.

Trigger
Customer navigates to restaurant profile

Immediate UI Reaction
Scrolls to Reviews section

System Action
Displays restaurant overall rating: 4.5 stars based on 234 reviews
Rating distribution with bar chart:
• 5 stars: 60%
• 4 stars: 25%
• 3 stars: 10%
• 2 stars: 3%
• 1 star: 2%
Aggregate AI review summary:
• Most praised: Authentic flavors, generous portions, friendly service
• Most criticized: Can be slow during peak hours, limited vegetarian options
Shows recent reviews (sorted by: most recent, most helpful, highest rating, lowest rating)
Each review displays:
• Reviewer name/photo
• Rating
• Review text
• Photos if any
• Date
• Helpful count
• Verified purchase badge
Customer can filter reviews:
• By rating: 5 stars only, 4+, etc.
• With photos only
• Verified purchases only
Infinite scroll/pagination
Customer can mark review as helpful (Helpful button → increment count)
Reads detailed reviews
Forms opinion about restaurant

Failure States
• Reviews fail to load → Show cached reviews → Retry
• Filter fails → Clear filters → Manual selection",CE-008,"action:TAV-CUS-REV-005,customer,reviews",Medium
CS-079,Story,TAV-CUS-REV-006 Customer upvotes/likes helpful reviews,"Implements Action Story TAV-CUS-REV-006.

Trigger
Customer finds helpful review while reading

Immediate UI Reaction
Helpful button visible on all reviews

System Action
Shows: Helpful button with count (Helpful (23))
Customer taps Helpful button
System validates:
• Customer hasn't already marked this review helpful
• Customer is authenticated user
Already marked: Undo helpful (decrement count)
Not marked: Mark as helpful (increment count)
Updates count immediately: Helpful (24)
Visual feedback: Button highlighted/filled
System saves helpful marking
Reviews re-sorted if sorting by Most Helpful
Helpful count influences review prominence
Top helpful reviews shown first when sorted by helpful
Customer can undo by tapping again (toggle)

Effects on Other Actors
System:
• Tracks helpful votes
• Influences review ranking

Failure States
• Guest user → Prompt sign in → Helpful count visible but not interactive
• Update fails → Retry → Show cached count",CE-008,"action:TAV-CUS-REV-006,customer,reviews",Low
CS-080,Story,TAV-CUS-LOY-001 Customer views loyalty points balance,"Implements Action Story TAV-CUS-LOY-001.

Trigger
Customer taps profile icon OR loyalty section

Immediate UI Reaction
Loyalty dashboard loads <2s

System Action
Loads loyalty data from database
Displays:
• Current points balance: 5000 points
• Points value in currency: €50.00 value
• Loyalty tier: Gold Member
• Tier benefits: 10% bonus points on all orders, Free delivery, Priority support
• Progress to next tier: 2000 points to Platinum (progress bar)
• Recent points activity:
  - +100 points - Order #12345 Jan 5
  - +50 points - Review written Jan 3
  - -4550 points - Redeemed for Order #12340 Jan 1
Customer can tap transaction to view details
Points expiration info if applicable: 500 points expiring on March 31

Failure States
• Dashboard fails to load → Show cached data → Retry
• Points calculation error → Manual verification → Contact support",CE-009,"action:TAV-CUS-LOY-001,customer,loyalty",Medium
CS-081,Story,TAV-CUS-LOY-002 Customer views order history,"Implements Action Story TAV-CUS-LOY-002.

Trigger
Customer navigates to Order History from Profile OR Account Menu

Immediate UI Reaction
Order history page loads <2s

System Action
Loads order history from database
Lists past orders sorted by date (most recent first)
Each order card shows:
• Order number
• Restaurant name & logo
• Order date & time
• Status: Completed/Cancelled
• Total amount
• Number of items
• Quick reorder button
Infinite scroll/pagination for long history
Tap order card → Order detail page:
• All items with photos & prices
• Subtotal/tax/total
• Payment method
• Delivery/table number
• Invoice download link
• Write review button if not reviewed
Reorder button → Adds all items to basket with one tap
Filter/Search order history:
• By date range
• By restaurant
• By status
Lifetime order stats:
• Total orders
• Total spent
• Favorite restaurant
• Most ordered dish

Failure States
• History fails to load → Show cached history → Retry
• Empty history → Show empty state → Explore restaurants",CE-009,"action:TAV-CUS-LOY-002,customer,loyalty",Medium
CS-082,Story,TAV-CUS-LOY-003 Customer adds dish to favorites,"Implements Action Story TAV-CUS-LOY-003.

Trigger
Customer views dish detail modal

Immediate UI Reaction
Heart icon visible next to dish name (unfilled)

System Action
Customer taps heart icon
Heart animates filling with color
Adds dish to customer favorites list
Brief confirmation: Added to favorites
Heart icon remains filled (favorited status persists)
Favorites accessible from Profile OR Account Menu
Dish saved to Favorites list for quick reordering

Effects on Other Actors
System:
• Stores favorite in customer profile
• Syncs across devices

Failure States
• Guest user → Prompt sign in → Save after login
• Favorite fails to save → Retry → Manual note",CE-009,"action:TAV-CUS-LOY-003,customer,loyalty",Low
CS-083,Story,TAV-CUS-LOY-004 Customer views and reorders from favorites,"Implements Action Story TAV-CUS-LOY-004.

Trigger
Customer navigates to Favorites from Profile OR Account Menu

Immediate UI Reaction
Favorites list loads <2s

System Action
Displays grid/list of favorited dishes
Each favorite shows:
• Dish photo
• Dish name
• Restaurant name
• Price
• Quick add to basket button
• Remove from favorites button (heart icon filled)
Customer taps quick add button
Adds dish to basket with default configuration
Success confirmation: Added to basket
Customer can tap dish card to view full detail and customize before adding
Remove from favorites: Tap filled heart icon
Empty state if no favorites: No favorites yet. Start exploring and save your favorite dishes!

Effects on Other Actors
System:
• Tracks favorite usage
• Recommends based on favorites

Failure States
• Favorites fail to load → Show cached list → Retry
• Dish unavailable → Show message → Remove or keep in favorites",CE-009,"action:TAV-CUS-LOY-004,customer,loyalty",Low
CS-084,Story,TAV-CUS-LOY-005 Customer earns loyalty points from order,"Implements Action Story TAV-CUS-LOY-005.

Trigger
Customer completes paid order

Immediate UI Reaction
Points earned notification shown

System Action
Calculates points earned: €1 = 10 points base rate
Applies tier bonus multiplier: Gold: 10% bonus
Calculates total points:
• Order €45.50
• 455 base points
• +46 bonus
• = 501 points total
Adds points to customer account
Updates points balance
Logs loyalty transaction: Points earned for order #12345
Shows notification: You earned 501 points! New balance: 5501 points
Sends points summary via email
Customer views updated balance in loyalty dashboard

Effects on Other Actors
System:
• Credits loyalty points
• Logs transaction

Failure States
• Points calculation error → Manual calculation → Contact support
• Points not credited → Retry → Manual credit",CE-009,"action:TAV-CUS-LOY-005,customer,loyalty",Medium
CS-085,Story,TAV-CUS-LOY-006 Customer earns bonus points from review,"Implements Action Story TAV-CUS-LOY-006.

Trigger
Customer submits review

Immediate UI Reaction
Bonus points notification shown

System Action
Validates review completion: Rating + text + photos
Awards review bonus points:
• 50 points for text review
• +25 points if photos included
Adds points to customer account
Updates points balance
Logs loyalty transaction: Bonus points for review on Margherita Pizza
Shows bonus notification: Thank you for your review! You earned 75 bonus points.
Customer sees updated balance
Bonus points visible in recent activity

Effects on Other Actors
System:
• Credits bonus points
• Logs transaction

Failure States
• Points not credited → Retry → Manual credit
• Review validation fails → Fix review → Resubmit",CE-009,"action:TAV-CUS-LOY-006,customer,loyalty",Low
CS-086,Story,TAV-CUS-LOY-007 Customer advances to next loyalty tier,"Implements Action Story TAV-CUS-LOY-007.

Trigger
Customer earns points from order

Immediate UI Reaction
Tier upgrade notification shown

System Action
Recalculates total points balance
Checks tier thresholds:
• Silver: 1000
• Gold: 5000
• Platinum: 10000
Customer crosses threshold (e.g., 5000 points reached)
Upgrades tier: Silver → Gold
Updates customer profile with new tier
Unlocks new tier benefits:
• 10% bonus points on all orders
• Priority support
Sends tier upgrade notification: Congratulations! You're now a Gold Member!
Shows tier upgrade modal with benefits
Awards tier upgrade bonus: 500 bonus points
Sends congratulations email with benefits summary
Customer sees new tier in profile with benefits

Effects on Other Actors
System:
• Updates customer tier
• Applies new benefits

Failure States
• Tier calculation error → Manual verification → Correct tier assigned",CE-009,"action:TAV-CUS-LOY-007,customer,loyalty",Medium
CS-087,Story,TAV-CUS-LOY-008 Customer views personalized dish recommendations,"Implements Action Story TAV-CUS-LOY-008.

Trigger
Customer opens menu

Immediate UI Reaction
Recommendation section appears <1s

System Action
Loads customer order history
Analyzes past orders: Dishes ordered, frequency, ratings, preferences
Applies collaborative filtering: Customers who ordered X also liked Y
Generates personalized recommendations: Top 5 dishes you might like
Displays recommendation section on menu
Shows recommended dishes with reasoning:
• Based on your love for Italian cuisine
• Frequently ordered by customers like you
Customer taps recommended dish
Opens dish detail
Customer can add to basket
Tracks recommendation performance: Views, clicks, order conversions
Updates recommendation model based on feedback

Effects on Other Actors
System:
• Improves recommendations via ML
• Tracks performance

Failure States
• Recommendations fail to load → Show popular items → Hide section
• New customer → Show trending/popular dishes",CE-009,"action:TAV-CUS-LOY-008,customer,loyalty",Low
CS-088,Story,TAV-CUS-LOY-009 Customer refers friend to TAVLO,"Implements Action Story TAV-CUS-LOY-009.

Trigger
Customer navigates to Referral Program from Profile OR Loyalty section

Immediate UI Reaction
Referral program overview displayed

System Action
Shows referral program overview: Invite friends, earn rewards! Give €5 credit, Get €5 credit
Displays unique referral code: ANNA5OFF
Displays referral link: tavlo.com/ref/ANNA5OFF
Share button with options: WhatsApp, Email, SMS, Social media, Copy link
Friend receives referral
Friend signs up using referral code/link
System validates referral:
• New customer (not existing)
• Code valid
Friend receives welcome bonus: €5 credit on first order over €20
Friend completes first order
System awards referral bonus to referring customer: €5 credit OR 500 loyalty points
Sends referral success notification: Your friend Anna ordered! You earned €5 credit.
Customer views referral history:
• Friends referred: 3
• Total earned: €15 credit
• Pending referrals: 1
Referral credits automatically applied to next order

Effects on Other Actors
System:
• Tracks referrals
• Awards bonuses
• Prevents fraud

Failure States
• Referral code generation fails → Retry → Manual code
• Bonus not credited → Manual verification → Contact support
• Self-referral attempt → Block → Fraud prevention",CE-009,"action:TAV-CUS-LOY-009,customer,loyalty",Low
CS-089,Story,TAV-CUS-LOY-010 Customer views points expiration warnings,"Implements Action Story TAV-CUS-LOY-010.

Trigger
Customer has loyalty points approaching expiration

Immediate UI Reaction
Expiration warnings sent via notification

System Action
System checks points expiration policy: Points expire 12 months after earning
Identifies expiring points: 500 points earned Jan 2024 expiring Jan 2025
Sends expiration warnings:
• 30 days before: 500 points expiring soon! Use them by Jan 31
• 7 days before: Last chance! 500 points expire in 7 days
Customer opens loyalty dashboard
Displays expiration warning banner: 500 points expiring on Jan 31, 2025. Order now to use them!
Shows expiring points highlighted in recent activity
Points breakdown displayed:
• Available: 5000 points
• Expiring soon: 500 points on Jan 31
Customer can use expiring points: Place order and redeem points
System auto-prioritizes expiring points when redeeming
Points used: Expiration avoided
Points not used: Points expire on expiration date
System deducts expired points
Sends expiration notification: 500 points have expired
Expired points removed from balance
Customer sees updated balance

Effects on Other Actors
System:
• Manages point expiration
• Sends timely warnings

Failure States
• Warning not sent → Manual notification → Customer service follow-up
• Expiration date error → Manual correction → Extend grace period",CE-009,"action:TAV-CUS-LOY-010,customer,loyalty",Low
